customer_id,first_name,last_name,email,phone,city,state,country,status,created_at,updated_at
1,Joseph,Davidson,cartereric@example.org,001-248-728-1489x325,Smithstad,FM,USA,active,2025-10-17 14:31:47.797390,2025-10-17 14:31:47.797390
2,Tricia,Roman,brianhumphrey@example.org,671-882-2782,New Karina,UT,USA,active,2025-10-17 14:31:47.797390,2025-10-17 14:31:47.797390
3,James,Collins,samuel87@example.org,531.250.9839,Lake Crystalbury,CA,USA,active,2025-10-17 14:31:47.797390,2025-10-17 14:31:47.797390
4,Rebecca,Heath,palmerjoshua@example.com,582.399.7376,Lake Ryanchester,MT,USA,inactive,2025-10-17 14:31:47.797390,2025-10-17 14:31:47.797390
5,Stuart,Daniel,brownjessica@example.org,933.587.2624,South Lindseyside,CT,USA,inactive,2025-10-17 14:31:47.797390,2025-10-17 14:31:47.797390
6,Brent,Kidd,novaksara@example.org,(267)873-6026,Saramouth,LA,USA,inactive,2025-10-17 14:31:47.797390,2025-10-17 14:31:47.797390
7,Rodney,Bernard,smoore@example.org,4982050097,Port Jacobland,TX,USA,active,2025-10-17 14:31:47.797390,2025-10-17 14:31:47.797390
8,Michelle,Powell,bethwilliams@example.org,(799)385-4353x46247,South Christineshire,CT,USA,inactive,2025-10-17 14:31:47.797390,2025-10-17 14:31:47.797390
9,Charles,Lewis,david51@example.org,(442)678-4980x841,North Juliaberg,KY,USA,inactive,2025-10-17 14:31:47.797390,2025-10-17 14:31:47.797390
10,Juan,Clark,james48@example.com,801-264-0052x427,North Sierraberg,ND,USA,inactive,2025-10-17 14:31:47.797390,2025-10-17 14:31:47.797390
11,Barry,Wood,russellwilliams@example.com,4535315869,Port Lisa,FM,USA,inactive,2025-10-17 14:31:47.797390,2025-10-17 14:31:47.797390
12,Robert,White,kimberly63@example.com,(616)507-3375,North Donna,MO,USA,active,2025-10-17 14:31:47.797390,2025-10-17 14:31:47.797390
13,Mark,Lin,michael86@example.net,+1-350-814-2940,Jessicamouth,NE,USA,active,2025-10-17 14:31:47.797390,2025-10-17 14:31:47.797390
14,Catherine,Dixon,mlam@example.com,7607883561,Lake Rachelhaven,ME,USA,inactive,2025-10-17 14:31:47.797390,2025-10-17 14:31:47.797390
15,Elizabeth,Nguyen,angela36@example.net,(729)994-6804x4369,Ramosborough,NY,USA,active,2025-10-17 14:31:47.797390,2025-10-17 14:31:47.797390
16,Thomas,Santana,donnacampbell@example.net,+1-395-913-4332x0037,Mercadoshire,ID,USA,inactive,2025-10-17 14:31:47.797390,2025-10-17 14:31:47.797390
17,Jennifer,Cruz,psanchez@example.net,5163328708,Andersonmouth,TN,USA,active,2025-10-17 14:31:47.797390,2025-10-17 14:31:47.797390
18,Amanda,Hansen,stephanie79@example.net,968.372.7743x48734,Jimmymouth,MD,USA,active,2025-10-17 14:31:47.797390,2025-10-17 14:31:47.797390
19,Patricia,Miller,jessebenson@example.net,516.865.8760,Steinshire,UT,USA,inactive,2025-10-17 14:31:47.797390,2025-10-17 14:31:47.797390
20,Andrew,Gilmore,wwoods@example.com,001-766-888-9373x467,Port Tanner,DC,USA,inactive,2025-10-17 14:31:47.797390,2025-10-17 14:31:47.797390
21,Tina,Ferguson,qvargas@example.org,562-972-0465,Matthewfurt,KY,USA,inactive,2025-10-17 14:31:47.797390,2025-10-17 14:31:47.797390
22,Karen,Decker,mary70@example.net,+1-205-431-0033,East Thomas,DE,USA,inactive,2025-10-17 14:31:47.797390,2025-10-17 14:31:47.797390
23,Anne,Robinson,katie29@example.net,001-512-341-9049x663,Melissaville,WY,USA,active,2025-10-17 14:31:47.797390,2025-10-17 14:31:47.797390
24,Tonya,Patton,amanda51@example.net,+1-650-967-1657x2628,Grahamshire,KY,USA,inactive,2025-10-17 14:31:47.797390,2025-10-17 14:31:47.797390
25,Marcus,Sanchez,ramirezshannon@example.com,001-596-750-7527,Matthewview,OH,USA,active,2025-10-17 14:31:47.797390,2025-10-17 14:31:47.797390
26,Alejandro,Vaughan,allenrichard@example.net,001-937-777-0143x634,Barajasside,MA,USA,inactive,2025-10-17 14:31:47.797390,2025-10-17 14:31:47.797390
27,Michael,Chavez,john13@example.com,682-333-7498,West Jeremy,HI,USA,active,2025-10-17 14:31:47.797390,2025-10-17 14:31:47.797390
28,Kevin,Erickson,joshuamccann@example.net,627-910-9477x7520,Port Cameronfort,CA,USA,inactive,2025-10-17 14:31:47.797390,2025-10-17 14:31:47.797390
29,Barbara,Parks,edwardhart@example.com,831-986-9993,Evansshire,NE,USA,active,2025-10-17 14:31:47.797390,2025-10-17 14:31:47.797390
30,Kevin,Oliver,mezajared@example.org,912-632-8120x679,East Keithport,UT,USA,active,2025-10-17 14:31:47.797390,2025-10-17 14:31:47.797390
31,Michele,Jones,sandrafrench@example.net,001-336-218-3242,Port Kyle,WA,USA,inactive,2025-10-17 14:31:47.797390,2025-10-17 14:31:47.797390
32,Madison,Morse,smartinez@example.com,001-664-288-7719x065,East Suzanneshire,OR,USA,inactive,2025-10-17 14:31:47.797390,2025-10-17 14:31:47.797390
33,Stephanie,Key,barbara27@example.net,+1-374-429-6717x5655,Robertfort,LA,USA,active,2025-10-17 14:31:47.797390,2025-10-17 14:31:47.797390
34,Elaine,Morales,gibsonleonard@example.com,768-908-7603,Wolfborough,KY,USA,inactive,2025-10-17 14:31:47.797390,2025-10-17 14:31:47.797390
35,Andrea,Pennington,fgilmore@example.org,3935248086,South Staceyberg,NM,USA,inactive,2025-10-17 14:31:47.797390,2025-10-17 14:31:47.797390
36,Sarah,Carter,robert77@example.org,682.263.9821x465,Jessicashire,OR,USA,active,2025-10-17 14:31:47.797390,2025-10-17 14:31:47.797390
37,Yolanda,Burns,seanwashington@example.com,+1-586-875-3396,West Juliefurt,MS,USA,inactive,2025-10-17 14:31:47.797390,2025-10-17 14:31:47.797390
38,Vanessa,Sparks,tylerjohnson@example.net,001-851-471-8702,South Kimberlyview,MA,USA,inactive,2025-10-17 14:31:47.797390,2025-10-17 14:31:47.797390
39,Cindy,Sanders,christianmelissa@example.net,(357)980-9134x3161,Lake Kevin,AK,USA,inactive,2025-10-17 14:31:47.797390,2025-10-17 14:31:47.797390
40,Brandon,Flynn,michael62@example.org,569.922.2196x93792,Stevetown,MH,USA,inactive,2025-10-17 14:31:47.797390,2025-10-17 14:31:47.797390
41,Linda,Santana,charleslandry@example.net,664-674-3671x3695,Port Dominiqueview,AL,USA,inactive,2025-10-17 14:31:47.797390,2025-10-17 14:31:47.797390
42,Ashlee,Jennings,lozanojulie@example.com,001-739-453-3942x104,West Markchester,HI,USA,inactive,2025-10-17 14:31:47.797390,2025-10-17 14:31:47.797390
43,James,Buchanan,alyssa42@example.com,245.617.1236x8516,South Miguelview,OR,USA,active,2025-10-17 14:31:47.797390,2025-10-17 14:31:47.797390
44,Parker,Little,daniel37@example.org,+1-285-693-1746x120,Wilsonbury,FM,USA,active,2025-10-17 14:31:47.797390,2025-10-17 14:31:47.797390
45,Amanda,Price,ellen86@example.net,001-526-717-9640x537,Lake Michaelstad,AR,USA,inactive,2025-10-17 14:31:47.797390,2025-10-17 14:31:47.797390
46,Raymond,Lopez,rushmadison@example.org,+1-539-500-5329x3183,Kimtown,KY,USA,inactive,2025-10-17 14:31:47.797390,2025-10-17 14:31:47.797390
47,Michele,Thomas,amberlindsey@example.org,+1-302-305-3950x2402,Weststad,NY,USA,active,2025-10-17 14:31:47.797390,2025-10-17 14:31:47.797390
48,Brittney,Hayes,soniawilliams@example.net,447.300.7661x77115,West Claudia,OR,USA,inactive,2025-10-17 14:31:47.797390,2025-10-17 14:31:47.797390
49,Amy,Nguyen,shawn96@example.org,001-318-736-7365x766,Edwardsview,MN,USA,inactive,2025-10-17 14:31:47.797390,2025-10-17 14:31:47.797390
50,Stephanie,Mcdaniel,fjones@example.org,(215)628-0988x51656,Michaelshire,NY,USA,active,2025-10-17 14:31:47.797390,2025-10-17 14:31:47.797390
51,Jason,Douglas,melaniebell@example.net,(614)293-6899x809,West Jacqueline,ME,USA,inactive,2025-10-17 14:31:47.797390,2025-10-17 14:31:47.797390
52,Sandra,Bell,mollyknight@example.com,720-418-3667,Larrymouth,WI,USA,inactive,2025-10-17 14:31:47.797390,2025-10-17 14:31:47.797390
53,Shelly,Carlson,moorekaren@example.org,+1-814-376-7976x4381,Erikashire,NM,USA,active,2025-10-17 14:31:47.797390,2025-10-17 14:31:47.797390
54,Alison,Parker,randallgreene@example.org,943.824.4510,East Omar,VT,USA,inactive,2025-10-17 14:31:47.797390,2025-10-17 14:31:47.797390
55,Jerry,Hansen,charles06@example.org,715.496.9664x160,Collierstad,CO,USA,inactive,2025-10-17 14:31:47.797390,2025-10-17 14:31:47.797390
56,Samuel,Rodriguez,hchapman@example.org,(745)435-2181x8835,North Dwayne,ID,USA,inactive,2025-10-17 14:31:47.797390,2025-10-17 14:31:47.797390
57,Glenn,Hernandez,thompsonkendra@example.com,999.679.9552x717,Brittanystad,NY,USA,inactive,2025-10-17 14:31:47.797390,2025-10-17 14:31:47.797390
58,Charles,Murray,brownmarie@example.org,+1-719-998-6798x0793,North Shannon,AS,USA,inactive,2025-10-17 14:31:47.797390,2025-10-17 14:31:47.797390
59,Rachel,Cooper,wagnergerald@example.org,001-777-288-9255x466,Cameronville,OH,USA,active,2025-10-17 14:31:47.797390,2025-10-17 14:31:47.797390
60,Erika,Mitchell,mathewaguilar@example.org,(346)829-1486x528,Andrewport,HI,USA,inactive,2025-10-17 14:31:47.797390,2025-10-17 14:31:47.797390
61,Stephanie,Peterson,ilee@example.org,441-888-8059,East Henry,UT,USA,active,2025-10-17 14:31:47.797390,2025-10-17 14:31:47.797390
62,Kellie,Lamb,jenniferwilliams@example.com,+1-937-994-7383x4735,Kimberlyhaven,NC,USA,active,2025-10-17 14:31:47.797390,2025-10-17 14:31:47.797390
63,Robert,Martin,laurietaylor@example.com,4756818141,Whiteheadberg,MP,USA,inactive,2025-10-17 14:31:47.797390,2025-10-17 14:31:47.797390
64,Samuel,Potts,lisawilkerson@example.org,(406)485-3615x30515,West Samanthafort,UT,USA,inactive,2025-10-17 14:31:47.797390,2025-10-17 14:31:47.797390
65,Mariah,Blake,awest@example.org,6435289861,Davidbury,MT,USA,active,2025-10-17 14:31:47.797390,2025-10-17 14:31:47.797390
66,Danielle,Dean,rodriguezrebecca@example.net,+1-708-593-2460,Lopezland,NC,USA,active,2025-10-17 14:31:47.797390,2025-10-17 14:31:47.797390
67,Theresa,Jones,myerstheodore@example.net,(754)705-1531x9520,Port Kimberly,NH,USA,inactive,2025-10-17 14:31:47.797390,2025-10-17 14:31:47.797390
68,Tina,Mendoza,lisabrown@example.com,8439030548,Benjaminborough,LA,USA,active,2025-10-17 14:31:47.797390,2025-10-17 14:31:47.797390
69,Michael,Norman,joshua56@example.com,001-876-452-7758x416,Manuelland,MD,USA,active,2025-10-17 14:31:47.797390,2025-10-17 14:31:47.797390
70,Donna,Parker,cjackson@example.com,205.496.4016x582,Johnsonland,IA,USA,active,2025-10-17 14:31:47.797390,2025-10-17 14:31:47.797390
71,Kimberly,Diaz,cherring@example.net,(775)857-1928,Debrabury,DE,USA,active,2025-10-17 14:31:47.797390,2025-10-17 14:31:47.797390
72,Anthony,Lopez,hmcintyre@example.com,001-347-739-4731x217,Jennaside,ND,USA,active,2025-10-17 14:31:47.797390,2025-10-17 14:31:47.797390
73,Kelly,Evans,jenniferho@example.net,(258)731-3237,Tannerside,DC,USA,active,2025-10-17 14:31:47.797390,2025-10-17 14:31:47.797390
74,Cheryl,Miller,raymond78@example.com,001-469-412-5177x852,Shawton,MP,USA,inactive,2025-10-17 14:31:47.797390,2025-10-17 14:31:47.797390
75,David,Hernandez,fernandodonovan@example.org,(384)414-3842x498,East Donna,VA,USA,active,2025-10-17 14:31:47.797390,2025-10-17 14:31:47.797390
76,Rachel,Morgan,bryananthony@example.org,+1-594-839-6907x8447,Shawnton,GA,USA,inactive,2025-10-17 14:31:47.797390,2025-10-17 14:31:47.797390
77,Scott,Washington,matthewthomas@example.net,556-425-8815x37147,North Kellyfurt,VI,USA,inactive,2025-10-17 14:31:47.797390,2025-10-17 14:31:47.797390
78,Christina,Wright,lisapeck@example.net,532-578-7747x01687,Brandonport,NM,USA,active,2025-10-17 14:31:47.797390,2025-10-17 14:31:47.797390
79,Carla,Cameron,amitchell@example.org,(624)356-5060x98358,Gordonside,KY,USA,inactive,2025-10-17 14:31:47.797390,2025-10-17 14:31:47.797390
80,Marcia,Hanson,andersoncolin@example.com,985-923-9868x00025,New Patricia,DC,USA,inactive,2025-10-17 14:31:47.797390,2025-10-17 14:31:47.797390
81,Mark,Austin,phillipjensen@example.com,001-258-788-7947,Emilychester,OR,USA,inactive,2025-10-17 14:31:47.797390,2025-10-17 14:31:47.797390
82,Kyle,Roach,carlsonjoseph@example.net,001-399-530-9728x962,South Leeberg,MT,USA,active,2025-10-17 14:31:47.797390,2025-10-17 14:31:47.797390
83,Hannah,Jenkins,vsalas@example.net,7284385786,Barrmouth,ND,USA,active,2025-10-17 14:31:47.797390,2025-10-17 14:31:47.797390
84,Michael,Ingram,chelsea33@example.com,+1-743-644-3757,Davidside,MS,USA,active,2025-10-17 14:31:47.797390,2025-10-17 14:31:47.797390
85,Paula,Foster,stephanie24@example.org,315-574-7338x4842,North Elizabeth,NC,USA,active,2025-10-17 14:31:47.797390,2025-10-17 14:31:47.797390
86,Jeremiah,Hall,gutierrezjennifer@example.org,+1-520-282-6773x4540,South Nicole,HI,USA,inactive,2025-10-17 14:31:47.797390,2025-10-17 14:31:47.797390
87,Sarah,Johnson,lfrench@example.net,400-949-9154x7887,Jamesville,MA,USA,active,2025-10-17 14:31:47.797390,2025-10-17 14:31:47.797390
88,Francisco,Stevens,jennifer05@example.com,001-832-396-6851,East Thomas,IA,USA,active,2025-10-17 14:31:47.797390,2025-10-17 14:31:47.797390
89,Adam,Reyes,vmolina@example.com,001-690-445-3017,Parksport,UT,USA,inactive,2025-10-17 14:31:47.797390,2025-10-17 14:31:47.797390
90,David,Hendricks,michael33@example.org,927.795.6878x3391,New Danielside,MH,USA,active,2025-10-17 14:31:47.797390,2025-10-17 14:31:47.797390
91,William,Armstrong,franklinbond@example.com,439-871-8707,Elliottside,NH,USA,active,2025-10-17 14:31:47.797390,2025-10-17 14:31:47.797390
92,Emily,Parker,fosterlisa@example.net,391.906.5180,West Robertberg,WI,USA,active,2025-10-17 14:31:47.797390,2025-10-17 14:31:47.797390
93,Darlene,Daniel,ybrooks@example.com,(261)282-5128x6823,Stevenside,NE,USA,inactive,2025-10-17 14:31:47.797390,2025-10-17 14:31:47.797390
94,Amanda,Morrow,stevenmoore@example.org,001-210-569-0331x190,South Scottside,IL,USA,active,2025-10-17 14:31:47.797390,2025-10-17 14:31:47.797390
95,Karen,Parsons,williamroberts@example.net,001-559-895-3428,Joshuaside,OR,USA,inactive,2025-10-17 14:31:47.797390,2025-10-17 14:31:47.797390
96,Nichole,Buck,dpeters@example.com,+1-568-656-6246x2873,Port Steven,AR,USA,inactive,2025-10-17 14:31:47.797390,2025-10-17 14:31:47.797390
97,Anna,Faulkner,paulscott@example.com,+1-317-551-8304x6990,South Jason,PW,USA,inactive,2025-10-17 14:31:47.797390,2025-10-17 14:31:47.797390
98,Mason,Krueger,lewisjames@example.net,673-893-6385,Fergusonstad,ME,USA,inactive,2025-10-17 14:31:47.797390,2025-10-17 14:31:47.797390
99,Jose,Hunt,zowens@example.net,853.655.6093x2048,East Mark,MS,USA,inactive,2025-10-17 14:31:47.797390,2025-10-17 14:31:47.797390
100,Ashley,Sanchez,jonathan77@example.com,(252)328-7280,Port Adamberg,MP,USA,active,2025-10-17 14:31:47.797390,2025-10-17 14:31:47.797390
101,Crystal,Jones,albertwagner@example.com,8992770088,New Jenniferside,LA,USA,inactive,2025-10-17 14:31:47.797390,2025-10-17 14:31:47.797390
102,Andre,Li,ldrake@example.org,682-833-9845,West Susanmouth,OK,USA,inactive,2025-10-17 14:31:47.797390,2025-10-17 14:31:47.797390
103,John,Terry,gabriella10@example.org,(366)287-0021x7659,East Rachel,UT,USA,inactive,2025-10-17 14:31:47.797390,2025-10-17 14:31:47.797390
104,Paige,Alvarez,glassgabrielle@example.com,+1-890-325-0392,Franciscobury,OK,USA,active,2025-10-17 14:31:47.797390,2025-10-17 14:31:47.797390
105,Mary,Price,patrick21@example.net,001-250-616-3159x996,Henrystad,OH,USA,inactive,2025-10-17 14:31:47.797390,2025-10-17 14:31:47.797390
106,Shelley,Reynolds,nmiller@example.com,711.342.6265,North Sherrymouth,MN,USA,inactive,2025-10-17 14:31:47.797390,2025-10-17 14:31:47.797390
107,Kathleen,Garcia,lopezshane@example.net,861.801.5819x95604,Lake Rachelbury,OK,USA,active,2025-10-17 14:31:47.797390,2025-10-17 14:31:47.797390
108,Adriana,Jennings,dominicturner@example.com,(712)664-6471,Lake Colleen,PA,USA,inactive,2025-10-17 14:31:47.797390,2025-10-17 14:31:47.797390
109,Christina,Ellis,kevinrush@example.com,+1-965-775-6924x593,South Tanya,LA,USA,inactive,2025-10-17 14:31:47.797390,2025-10-17 14:31:47.797390
110,Jessica,Chen,markramirez@example.com,(619)339-8280x737,Chambersberg,SC,USA,active,2025-10-17 14:31:47.797390,2025-10-17 14:31:47.797390
111,Kevin,King,jennifermccormick@example.org,397.396.8868x058,Lake Elizabeth,GA,USA,inactive,2025-10-17 14:31:47.797390,2025-10-17 14:31:47.797390
112,Deborah,Williams,vrasmussen@example.com,501-943-8889,Petershire,UT,USA,active,2025-10-17 14:31:47.797390,2025-10-17 14:31:47.797390
113,Vincent,Cooper,webbkenneth@example.org,725-945-7387,South Jennifermouth,MD,USA,inactive,2025-10-17 14:31:47.797390,2025-10-17 14:31:47.797390
114,Carlos,Williams,johnsonmatthew@example.org,+1-423-882-8258x6736,Johnsonborough,NV,USA,inactive,2025-10-17 14:31:47.797390,2025-10-17 14:31:47.797390
115,Brittany,Price,jamiegoodwin@example.org,001-618-925-5371,Candicefurt,OR,USA,inactive,2025-10-17 14:31:47.797390,2025-10-17 14:31:47.797390
116,Danny,Bell,rwilliamson@example.net,899-812-5134x1252,New Patrick,HI,USA,active,2025-10-17 14:31:47.797390,2025-10-17 14:31:47.797390
117,Tommy,Medina,angelaburns@example.org,(557)890-5072,Ortizfort,MT,USA,active,2025-10-17 14:31:47.797390,2025-10-17 14:31:47.797390
118,Jennifer,Wallace,christopherjohnson@example.org,304-638-4279x7881,Amberton,WV,USA,active,2025-10-17 14:31:47.797390,2025-10-17 14:31:47.797390
119,Jennifer,Payne,pgarcia@example.org,807-445-1713x3959,Port Jamie,IL,USA,active,2025-10-17 14:31:47.797390,2025-10-17 14:31:47.797390
120,Linda,Hudson,candice25@example.net,449-748-1260x4223,Port Megan,MO,USA,inactive,2025-10-17 14:31:47.797390,2025-10-17 14:31:47.797390
121,Tracy,Ray,courtney67@example.org,+1-716-384-5775x9017,Robinsonchester,GU,USA,active,2025-10-17 14:31:47.797390,2025-10-17 14:31:47.797390
122,Jason,Adams,matthew92@example.net,550.401.7012x7706,Erikview,CO,USA,active,2025-10-17 14:31:47.797390,2025-10-17 14:31:47.797390
123,Diamond,Wright,elizabeth20@example.com,+1-943-261-1037x1293,Lake Matthewville,VI,USA,active,2025-10-17 14:31:47.797390,2025-10-17 14:31:47.797390
124,Robert,Anderson,perezchristopher@example.org,255-442-6221,Bellborough,SC,USA,inactive,2025-10-17 14:31:47.797390,2025-10-17 14:31:47.797390
125,Kaitlin,Gillespie,fheath@example.org,(619)365-6523,New Carolyn,VA,USA,inactive,2025-10-17 14:31:47.797390,2025-10-17 14:31:47.797390
126,Cathy,Maxwell,abbottdominique@example.com,989.883.6403,East Victorland,NC,USA,inactive,2025-10-17 14:31:47.797390,2025-10-17 14:31:47.797390
127,Pamela,Smith,sarah26@example.net,(858)627-1091x04300,Hendersonfurt,CO,USA,inactive,2025-10-17 14:31:47.797390,2025-10-17 14:31:47.797390
128,Danielle,Medina,joshuacollins@example.net,528.256.9146,North Sandy,DE,USA,inactive,2025-10-17 14:31:47.797390,2025-10-17 14:31:47.797390
129,Shawn,Lynch,elizabeth21@example.org,001-620-327-5884x252,West Lindsayview,NC,USA,active,2025-10-17 14:31:47.797390,2025-10-17 14:31:47.797390
130,Caleb,Joseph,crawfordwilliam@example.org,292.552.4191x3800,South Michaelberg,HI,USA,active,2025-10-17 14:31:47.797390,2025-10-17 14:31:47.797390
131,Sarah,Mathews,pwalker@example.com,001-854-319-5180x238,Clineport,MD,USA,inactive,2025-10-17 14:31:47.797390,2025-10-17 14:31:47.797390
132,Christopher,Bryant,james94@example.net,+1-237-559-7383x206,Cynthiatown,MA,USA,inactive,2025-10-17 14:31:47.797390,2025-10-17 14:31:47.797390
133,Aaron,Sandoval,dalton83@example.com,302.441.0386x5719,Jonesshire,AR,USA,active,2025-10-17 14:31:47.797390,2025-10-17 14:31:47.797390
134,Ryan,Brandt,kellyrosales@example.com,001-355-474-3132x912,Owenschester,DE,USA,inactive,2025-10-17 14:31:47.797390,2025-10-17 14:31:47.797390
135,Amanda,Oconnell,shannonford@example.org,524-790-3521,Palmerport,KS,USA,inactive,2025-10-17 14:31:47.797390,2025-10-17 14:31:47.797390
136,Lori,Thompson,jbond@example.net,+1-531-471-2100,Port Richard,TX,USA,active,2025-10-17 14:31:47.797390,2025-10-17 14:31:47.797390
137,Crystal,Newman,samantha10@example.org,472.815.1070,Crawfordfurt,TX,USA,inactive,2025-10-17 14:31:47.797390,2025-10-17 14:31:47.797390
138,Ronald,Gomez,joshuagriffin@example.org,9992934768,West Patrickchester,ID,USA,inactive,2025-10-17 14:31:47.797390,2025-10-17 14:31:47.797390
139,Dawn,Robles,crystalpham@example.org,(757)587-5985x6420,Port Kimberlyton,AS,USA,inactive,2025-10-17 14:31:47.797390,2025-10-17 14:31:47.797390
140,Victoria,Moreno,terrigarcia@example.net,448.503.9652,Lindastad,PW,USA,inactive,2025-10-17 14:31:47.797390,2025-10-17 14:31:47.797390
141,Brittany,Warner,stacey92@example.net,578.542.7010,New Timothymouth,PW,USA,active,2025-10-17 14:31:47.797390,2025-10-17 14:31:47.797390
142,Christina,Drake,jennifer50@example.org,(392)718-5156,Marcusburgh,VA,USA,inactive,2025-10-17 14:31:47.797390,2025-10-17 14:31:47.797390
143,Stacy,Conner,lbanks@example.net,+1-495-439-2644,Lake Stacyfurt,PR,USA,active,2025-10-17 14:31:47.797390,2025-10-17 14:31:47.797390
144,Virginia,Sanford,whitelucas@example.net,791.472.5135,Port Jennamouth,NV,USA,inactive,2025-10-17 14:31:47.797390,2025-10-17 14:31:47.797390
145,Alexander,Clark,bellkristin@example.net,7068762676,Port Timothyshire,SD,USA,inactive,2025-10-17 14:31:47.797390,2025-10-17 14:31:47.797390
146,Katherine,Perez,cjones@example.com,3543115262,Brookefort,VT,USA,inactive,2025-10-17 14:31:47.797390,2025-10-17 14:31:47.797390
147,Anthony,Dunlap,catherinehamilton@example.org,653-536-8844,North Philipside,MP,USA,active,2025-10-17 14:31:47.797390,2025-10-17 14:31:47.797390
148,Travis,Brown,pattersonkelly@example.net,+1-897-931-0324x1714,Jacobsonview,CO,USA,inactive,2025-10-17 14:31:47.797390,2025-10-17 14:31:47.797390
149,Darlene,Hughes,nicole52@example.com,4473743490,Lake Mauriceside,MT,USA,inactive,2025-10-17 14:31:47.797390,2025-10-17 14:31:47.797390
150,Tara,Lawrence,randallloretta@example.com,+1-479-337-4160,Thompsonburgh,IL,USA,inactive,2025-10-17 14:31:47.797390,2025-10-17 14:31:47.797390
151,Lindsey,Martinez,rmiller@example.com,829.745.1168,Apriltown,WY,USA,active,2025-10-17 14:31:47.797390,2025-10-17 14:31:47.797390
152,Isabella,Matthews,jrodriguez@example.org,001-799-811-9148,Patrickfort,OK,USA,inactive,2025-10-17 14:31:47.797390,2025-10-17 14:31:47.797390
153,Chelsea,Johnson,richard99@example.net,001-660-665-3074x505,Meganville,VI,USA,active,2025-10-17 14:31:47.797390,2025-10-17 14:31:47.797390
154,Jeremy,Turner,uschroeder@example.com,001-469-313-7367x850,Jennafurt,DC,USA,active,2025-10-17 14:31:47.797390,2025-10-17 14:31:47.797390
155,Kimberly,Warren,thompsonnancy@example.org,9308705345,Lake Anthonystad,NM,USA,inactive,2025-10-17 14:31:47.797390,2025-10-17 14:31:47.797390
156,Brooke,Thompson,wmatthews@example.com,(541)540-6029,Lake Jamie,SD,USA,active,2025-10-17 14:31:47.797390,2025-10-17 14:31:47.797390
157,Robert,Smith,wellsdavid@example.org,+1-503-949-4466x574,Ericafurt,OR,USA,active,2025-10-17 14:31:47.797390,2025-10-17 14:31:47.797390
158,Curtis,Hunt,anna99@example.com,517-215-4544x4328,Guerreroberg,VA,USA,inactive,2025-10-17 14:31:47.797390,2025-10-17 14:31:47.797390
159,Anthony,Jimenez,jordan66@example.com,001-409-693-5387x584,South Davidview,VA,USA,active,2025-10-17 14:31:47.797390,2025-10-17 14:31:47.797390
160,Lindsey,Hines,staceylam@example.net,635-934-6554,South Brianshire,OR,USA,inactive,2025-10-17 14:31:47.797390,2025-10-17 14:31:47.797390
161,Sheryl,Jones,vincentdillon@example.com,346.902.2356x97252,Crystalburgh,MD,USA,active,2025-10-17 14:31:47.797390,2025-10-17 14:31:47.797390
162,Cynthia,Smith,jason29@example.org,512.796.6667x6008,West Katherinehaven,ID,USA,active,2025-10-17 14:31:47.797390,2025-10-17 14:31:47.797390
163,Andrew,Smith,jeremywiley@example.com,(616)689-4210,Lunahaven,MA,USA,inactive,2025-10-17 14:31:47.797390,2025-10-17 14:31:47.797390
164,Ryan,Mcdaniel,matthewvalenzuela@example.com,001-732-260-3323x098,Mcdowellview,WI,USA,inactive,2025-10-17 14:31:47.797390,2025-10-17 14:31:47.797390
165,Amanda,Williams,stanleydesiree@example.org,4165761847,West Robertville,TN,USA,inactive,2025-10-17 14:31:47.797390,2025-10-17 14:31:47.797390
166,Abigail,Dean,robertroach@example.net,001-791-841-1739x348,Ethanside,NM,USA,active,2025-10-17 14:31:47.797390,2025-10-17 14:31:47.797390
167,Renee,Watts,arivera@example.org,+1-611-997-2181x1437,North Lisaton,PR,USA,inactive,2025-10-17 14:31:47.797390,2025-10-17 14:31:47.797390
168,Kelly,Solis,ronald11@example.org,7227557941,North Richard,NH,USA,inactive,2025-10-17 14:31:47.797390,2025-10-17 14:31:47.797390
169,Joseph,Cruz,pmarsh@example.org,920-421-6979,Maxwelltown,VI,USA,inactive,2025-10-17 14:31:47.797390,2025-10-17 14:31:47.797390
170,Gabrielle,Roberson,timothyfreeman@example.com,301.845.0899x358,South Michael,TX,USA,inactive,2025-10-17 14:31:47.797390,2025-10-17 14:31:47.797390
171,Darlene,Hernandez,smithsarah@example.net,872.817.5354x0838,North Stephen,AS,USA,inactive,2025-10-17 14:31:47.797390,2025-10-17 14:31:47.797390
172,Ashley,Miller,hwest@example.com,001-501-966-0880x199,Michaelton,GU,USA,inactive,2025-10-17 14:31:47.797390,2025-10-17 14:31:47.797390
173,Jeffrey,Gibson,xmoran@example.net,211.430.5548x851,Taylorchester,CT,USA,inactive,2025-10-17 14:31:47.797390,2025-10-17 14:31:47.797390
174,Jonathan,Gonzalez,conradphilip@example.com,451.960.9177,New Jillside,NE,USA,active,2025-10-17 14:31:47.797390,2025-10-17 14:31:47.797390
175,Mary,Webb,heatherthompson@example.org,569-695-8669,Stuartport,NV,USA,inactive,2025-10-17 14:31:47.797390,2025-10-17 14:31:47.797390
176,Linda,Taylor,megan85@example.net,001-383-733-9452x288,Aguilarchester,TX,USA,active,2025-10-17 14:31:47.797390,2025-10-17 14:31:47.797390
177,Julie,Skinner,natalie60@example.net,606-620-0342,Port Bryan,WY,USA,active,2025-10-17 14:31:47.797390,2025-10-17 14:31:47.797390
178,Kenneth,Molina,howardshaun@example.net,+1-283-286-3840x6665,Jamesmouth,MP,USA,inactive,2025-10-17 14:31:47.797390,2025-10-17 14:31:47.797390
179,Jeremiah,Schultz,kari89@example.org,001-634-472-1228x160,New Meghan,AL,USA,active,2025-10-17 14:31:47.797390,2025-10-17 14:31:47.797390
180,Mark,Mckinney,billmcfarland@example.net,5944798515,Port Williamchester,ND,USA,active,2025-10-17 14:31:47.797390,2025-10-17 14:31:47.797390
181,Amanda,Davis,nicolealvarado@example.com,(543)298-7801x573,Patrickville,MS,USA,active,2025-10-17 14:31:47.797390,2025-10-17 14:31:47.797390
182,Jonathan,Ramsey,pruittlynn@example.com,287.370.4358x11288,Lake Crystal,IL,USA,active,2025-10-17 14:31:47.797390,2025-10-17 14:31:47.797390
183,Michelle,Coleman,harrismaria@example.net,001-361-520-7501x102,Rickeymouth,SC,USA,active,2025-10-17 14:31:47.797390,2025-10-17 14:31:47.797390
184,Richard,Stewart,inunez@example.org,+1-691-990-1581x4491,Fostertown,NJ,USA,active,2025-10-17 14:31:47.797390,2025-10-17 14:31:47.797390
185,Eric,Robinson,irobles@example.com,+1-824-350-8821x0099,Jasonstad,IL,USA,active,2025-10-17 14:31:47.797390,2025-10-17 14:31:47.797390
186,Robert,Brewer,eugenewalker@example.com,612.390.8781,Coreyshire,NM,USA,active,2025-10-17 14:31:47.797390,2025-10-17 14:31:47.797390
187,Stephanie,Howard,craigharvey@example.org,277-759-4929x95562,Port Jeffrey,WA,USA,active,2025-10-17 14:31:47.797390,2025-10-17 14:31:47.797390
188,Danielle,Hill,dennis57@example.com,554.678.1291x428,Lake Charlestown,PR,USA,active,2025-10-17 14:31:47.797390,2025-10-17 14:31:47.797390
189,William,Johnson,nhammond@example.org,+1-648-487-2563,Masonland,MO,USA,inactive,2025-10-17 14:31:47.797390,2025-10-17 14:31:47.797390
190,Michael,Smith,melaniedrake@example.net,+1-928-527-2299x2750,West Miketon,TN,USA,active,2025-10-17 14:31:47.797390,2025-10-17 14:31:47.797390
191,Jamie,Velez,paul70@example.org,+1-351-684-4989x2665,Kaufmanbury,NC,USA,active,2025-10-17 14:31:47.797390,2025-10-17 14:31:47.797390
192,Richard,Roth,tommy79@example.org,327.523.1843x22259,Shepherdville,NJ,USA,inactive,2025-10-17 14:31:47.797390,2025-10-17 14:31:47.797390
193,Emma,Mendoza,deborahjenkins@example.org,4292922809,West Sandra,NC,USA,inactive,2025-10-17 14:31:47.797390,2025-10-17 14:31:47.797390
194,Susan,Greene,johnsjessica@example.com,437-497-7236,Garymouth,NH,USA,inactive,2025-10-17 14:31:47.797390,2025-10-17 14:31:47.797390
195,Candace,Jones,gcruz@example.org,288.362.9127,South Donnaside,GU,USA,active,2025-10-17 14:31:47.797390,2025-10-17 14:31:47.797390
196,Aaron,Pace,xboyd@example.org,001-686-937-6599x162,Port Christopher,PA,USA,active,2025-10-17 14:31:47.797390,2025-10-17 14:31:47.797390
197,Nancy,Ortiz,adammanning@example.org,001-781-380-6356,South Denise,KS,USA,active,2025-10-17 14:31:47.797390,2025-10-17 14:31:47.797390
198,Jose,Herrera,cheryl63@example.com,+1-687-725-8874,Fitzgeraldville,WA,USA,inactive,2025-10-17 14:31:47.797390,2025-10-17 14:31:47.797390
199,Jerry,Logan,craigromero@example.com,+1-890-326-0127,West Jeffreyland,PA,USA,active,2025-10-17 14:31:47.797390,2025-10-17 14:31:47.797390
200,Benjamin,Cruz,hmendez@example.com,001-590-427-7038x430,West Johntown,GA,USA,active,2025-10-17 14:31:47.797390,2025-10-17 14:31:47.797390
201,Christopher,Hill,zgomez@example.com,001-738-701-1848,Jeremyborough,NH,USA,inactive,2025-10-17 14:31:47.797390,2025-10-17 14:31:47.797390
202,Sarah,Andrews,gregory81@example.net,684-951-8489,Hartbury,WV,USA,inactive,2025-10-17 14:31:47.797390,2025-10-17 14:31:47.797390
203,Matthew,Rowe,bmosley@example.com,241-663-3565,West Christopher,TX,USA,inactive,2025-10-17 14:31:47.797390,2025-10-17 14:31:47.797390
204,Kaitlyn,Peterson,thomasgomez@example.net,723-473-3343x333,North Samanthafort,RI,USA,active,2025-10-17 14:31:47.797390,2025-10-17 14:31:47.797390
205,Adam,Vincent,charlesnathan@example.com,894.972.8463x9208,New Michaelburgh,NH,USA,active,2025-10-17 14:31:47.797390,2025-10-17 14:31:47.797390
206,Tiffany,Wolfe,astewart@example.org,+1-936-791-5594x2843,Ivanchester,IL,USA,active,2025-10-17 14:31:47.797390,2025-10-17 14:31:47.797390
207,Robert,Goodwin,melissa47@example.org,001-829-531-4386,Port Susan,FL,USA,active,2025-10-17 14:31:47.797390,2025-10-17 14:31:47.797390
208,Thomas,Smith,oporter@example.net,+1-357-444-8906,East Lisafort,MP,USA,inactive,2025-10-17 14:31:47.797390,2025-10-17 14:31:47.797390
209,Crystal,Cole,jordan58@example.net,650-761-5939x982,Emilyfort,WI,USA,active,2025-10-17 14:31:47.797390,2025-10-17 14:31:47.797390
210,Jill,Preston,daustin@example.net,(425)769-9611,West Logan,LA,USA,active,2025-10-17 14:31:47.797390,2025-10-17 14:31:47.797390
211,Jennifer,Jacobs,cnelson@example.com,001-498-876-2202x341,North Calebfort,OH,USA,inactive,2025-10-17 14:31:47.797390,2025-10-17 14:31:47.797390
212,Brian,Wise,garciachristine@example.org,+1-764-733-4722x8200,Mcdonaldside,KY,USA,inactive,2025-10-17 14:31:47.797390,2025-10-17 14:31:47.797390
213,Amy,Taylor,brittanybryant@example.net,+1-796-888-4578x3174,Erictown,AL,USA,inactive,2025-10-17 14:31:47.797390,2025-10-17 14:31:47.797390
214,Alexandra,Chang,mauriceharrison@example.org,001-577-840-6493x085,Fosterburgh,VT,USA,active,2025-10-17 14:31:47.797390,2025-10-17 14:31:47.797390
215,Jillian,Price,fwalker@example.com,+1-638-394-4846x3122,Williamsonview,UT,USA,inactive,2025-10-17 14:31:47.797390,2025-10-17 14:31:47.797390
216,Cindy,Lopez,hernandeztara@example.org,(414)242-7031,Robinsonchester,ME,USA,active,2025-10-17 14:31:47.797390,2025-10-17 14:31:47.797390
217,Kristi,Jimenez,steven05@example.org,001-520-846-1872x346,Wrightton,ID,USA,inactive,2025-10-17 14:31:47.797390,2025-10-17 14:31:47.797390
218,Steven,Wise,thomasmaldonado@example.com,520-888-1474x35031,Alexisview,OR,USA,inactive,2025-10-17 14:31:47.797390,2025-10-17 14:31:47.797390
219,David,Mccormick,novakbianca@example.net,792.451.3271x9500,East Tonymouth,OH,USA,active,2025-10-17 14:31:47.797390,2025-10-17 14:31:47.797390
220,Kristina,Sherman,bquinn@example.net,(452)740-7784x8739,Jessicaview,VI,USA,inactive,2025-10-17 14:31:47.797390,2025-10-17 14:31:47.797390
221,Marie,Rocha,caseymoore@example.com,585-770-8620x959,Lake Tammyfurt,ID,USA,inactive,2025-10-17 14:31:47.797390,2025-10-17 14:31:47.797390
222,Alexandria,Jimenez,chloemorris@example.net,211-881-0220x31731,Foxshire,KS,USA,inactive,2025-10-17 14:31:47.797390,2025-10-17 14:31:47.797390
223,Brandon,Walker,smithsamantha@example.net,317.605.8650x9480,East Susanville,CT,USA,active,2025-10-17 14:31:47.797390,2025-10-17 14:31:47.797390
224,Jessica,Schmidt,jamessandoval@example.net,+1-828-786-1957x6122,New Yesenia,NV,USA,inactive,2025-10-17 14:31:47.797390,2025-10-17 14:31:47.797390
225,Sarah,Orr,megan66@example.net,293-698-3684x57760,New Derekport,AL,USA,active,2025-10-17 14:31:47.797390,2025-10-17 14:31:47.797390
226,Kevin,Walker,andrew48@example.net,+1-499-621-0752,Pamelabury,IN,USA,inactive,2025-10-17 14:31:47.797390,2025-10-17 14:31:47.797390
227,Jonathan,Evans,ncarroll@example.net,257-827-9194,Port Brianmouth,MI,USA,inactive,2025-10-17 14:31:47.797390,2025-10-17 14:31:47.797390
228,Nichole,Hamilton,kanejeremy@example.net,+1-506-404-8058x925,Lake Jessicafurt,NV,USA,inactive,2025-10-17 14:31:47.797390,2025-10-17 14:31:47.797390
229,Karen,Johnston,walkerkeith@example.com,(625)317-9086,Shawberg,WV,USA,inactive,2025-10-17 14:31:47.797390,2025-10-17 14:31:47.797390
230,Dennis,Hansen,kfoster@example.org,+1-398-333-1465,Hendersonstad,ID,USA,inactive,2025-10-17 14:31:47.797390,2025-10-17 14:31:47.797390
231,Malik,Wheeler,carrillogary@example.com,+1-279-527-0335x211,Port Marissa,LA,USA,inactive,2025-10-17 14:31:47.797390,2025-10-17 14:31:47.797390
232,Alexander,Benson,torresthomas@example.com,483.238.8487,Aguilarhaven,AZ,USA,active,2025-10-17 14:31:47.797390,2025-10-17 14:31:47.797390
233,Jonathan,Brown,kristinawilliamson@example.org,301.764.5104x636,Delacruzside,CO,USA,active,2025-10-17 14:31:47.797390,2025-10-17 14:31:47.797390
234,Jacob,Mason,tcastro@example.org,7387457620,Colleenbury,NY,USA,inactive,2025-10-17 14:31:47.797390,2025-10-17 14:31:47.797390
235,Joshua,Brown,natasha08@example.com,525.862.1689,New Eric,ME,USA,inactive,2025-10-17 14:31:47.797390,2025-10-17 14:31:47.797390
236,Renee,Murphy,jamietaylor@example.net,+1-332-448-2629x2518,Maryberg,VA,USA,active,2025-10-17 14:31:47.797390,2025-10-17 14:31:47.797390
237,Anthony,Flores,tali@example.com,001-542-531-2209x949,Lake Anthony,CO,USA,inactive,2025-10-17 14:31:47.797390,2025-10-17 14:31:47.797390
238,Hailey,Woods,xjoseph@example.org,(577)522-3306x0463,East Saramouth,VI,USA,inactive,2025-10-17 14:31:47.797390,2025-10-17 14:31:47.797390
239,Christina,Watts,bclay@example.com,001-909-965-6999x880,East Aprilfurt,WA,USA,inactive,2025-10-17 14:31:47.797390,2025-10-17 14:31:47.797390
240,Benjamin,Hughes,leescott@example.com,001-347-426-4908x277,South Robert,NV,USA,active,2025-10-17 14:31:47.797390,2025-10-17 14:31:47.797390
241,Angel,Chavez,nicoledavis@example.com,001-421-811-7518x689,Williamsburgh,PW,USA,inactive,2025-10-17 14:31:47.797390,2025-10-17 14:31:47.797390
242,Matthew,Savage,fernandothomas@example.net,5642474212,Alexanderfort,PR,USA,inactive,2025-10-17 14:31:47.797390,2025-10-17 14:31:47.797390
243,Victor,Aguirre,lyoung@example.net,576.271.9903x8498,East Brian,MI,USA,active,2025-10-17 14:31:47.797390,2025-10-17 14:31:47.797390
244,Benjamin,Nash,mark10@example.org,(622)749-9982x79501,Priscillaland,WV,USA,inactive,2025-10-17 14:31:47.797390,2025-10-17 14:31:47.797390
245,Ronald,Pierce,thomas14@example.com,868.733.9019x81794,Aliciastad,DC,USA,active,2025-10-17 14:31:47.797390,2025-10-17 14:31:47.797390
246,Christina,Crawford,lvasquez@example.net,843.801.0713,West Michaelborough,AL,USA,inactive,2025-10-17 14:31:47.797390,2025-10-17 14:31:47.797390
247,Danielle,Vaughn,kristy44@example.net,+1-250-415-5699,West Martha,TX,USA,inactive,2025-10-17 14:31:47.797390,2025-10-17 14:31:47.797390
248,Timothy,Wells,brewertimothy@example.net,285.576.0849x588,Laurenstad,CA,USA,inactive,2025-10-17 14:31:47.797390,2025-10-17 14:31:47.797390
249,Tara,Ramirez,morgannicholas@example.net,(299)662-9145,Millerbury,MN,USA,inactive,2025-10-17 14:31:47.797390,2025-10-17 14:31:47.797390
250,Shannon,Sampson,aliciathompson@example.com,5317780782,Oconnorhaven,ME,USA,inactive,2025-10-17 14:31:47.797390,2025-10-17 14:31:47.797390
251,Kimberly,Thomas,shortsharon@example.net,(230)376-8104,Steventon,CT,USA,active,2025-10-17 14:31:47.797390,2025-10-17 14:31:47.797390
252,Abigail,Hopkins,andrew43@example.com,434.448.5714,Dannyside,NY,USA,active,2025-10-17 14:31:47.797390,2025-10-17 14:31:47.797390
253,Curtis,Daniels,joseph49@example.org,(214)995-8702,North Patrickland,NE,USA,active,2025-10-17 14:31:47.797390,2025-10-17 14:31:47.797390
254,Philip,Bush,tjensen@example.com,981.679.2171,Ruizbury,FL,USA,active,2025-10-17 14:31:47.797390,2025-10-17 14:31:47.797390
255,Michelle,Jensen,philip55@example.com,401.371.5772x4599,Rothville,MD,USA,inactive,2025-10-17 14:31:47.797390,2025-10-17 14:31:47.797390
256,Angela,Jones,amanda69@example.com,593.882.7615,Bradleymouth,ND,USA,inactive,2025-10-17 14:31:47.797390,2025-10-17 14:31:47.797390
257,Heather,Thompson,stevensonjennifer@example.com,699-875-8172,New Danielfurt,MD,USA,active,2025-10-17 14:31:47.797390,2025-10-17 14:31:47.797390
258,Troy,Keller,robinsondominic@example.net,001-602-627-8469x973,Robbinsstad,CO,USA,inactive,2025-10-17 14:31:47.797390,2025-10-17 14:31:47.797390
259,Brandi,Carr,sabbott@example.org,(880)708-5140x369,Sullivanchester,ND,USA,inactive,2025-10-17 14:31:47.797390,2025-10-17 14:31:47.797390
260,Jason,Thompson,jacobcruz@example.com,(824)922-0102x76212,Hansonmouth,NY,USA,inactive,2025-10-17 14:31:47.797390,2025-10-17 14:31:47.797390
261,Roger,Wilkins,lkelly@example.com,+1-209-973-8468x950,Danielfort,UT,USA,active,2025-10-17 14:31:47.797390,2025-10-17 14:31:47.797390
262,Christopher,Cross,steven18@example.net,737-218-9490,Gibsonfort,OK,USA,active,2025-10-17 14:31:47.797390,2025-10-17 14:31:47.797390
263,Jessica,Fisher,keith09@example.net,994-307-9290x4904,New Chase,WY,USA,inactive,2025-10-17 14:31:47.797390,2025-10-17 14:31:47.797390
264,Joshua,Anderson,joshua40@example.net,592-992-7524,Port Alison,AZ,USA,active,2025-10-17 14:31:47.797390,2025-10-17 14:31:47.797390
265,Matthew,Miller,caitlinunderwood@example.com,001-966-837-2395x041,Turnerside,IN,USA,inactive,2025-10-17 14:31:47.797390,2025-10-17 14:31:47.797390
266,Noah,Thornton,hbaker@example.com,7478658018,Matthewview,AS,USA,active,2025-10-17 14:31:47.797390,2025-10-17 14:31:47.797390
267,Corey,Pena,rmurray@example.net,293.385.2580,South Connorville,TX,USA,inactive,2025-10-17 14:31:47.797390,2025-10-17 14:31:47.797390
268,Sean,Robinson,johnathan00@example.net,409-839-1119,North Heather,KS,USA,inactive,2025-10-17 14:31:47.797390,2025-10-17 14:31:47.797390
269,Kenneth,Guerrero,fowlersandra@example.com,001-465-942-1406x650,South Tiffanyborough,RI,USA,inactive,2025-10-17 14:31:47.797390,2025-10-17 14:31:47.797390
270,Philip,Brewer,thomaskayla@example.org,+1-917-441-0119x470,North Elizabethview,FL,USA,inactive,2025-10-17 14:31:47.797390,2025-10-17 14:31:47.797390
271,Isabel,Conway,robertsonshelby@example.com,766.618.3067x1985,Brownland,MN,USA,inactive,2025-10-17 14:31:47.797390,2025-10-17 14:31:47.797390
272,Amanda,Woodward,randallkathleen@example.com,+1-932-580-6346x1571,North James,VA,USA,inactive,2025-10-17 14:31:47.797390,2025-10-17 14:31:47.797390
273,Wendy,Allen,ibrown@example.net,978-470-0505x0613,North Benjamin,FL,USA,inactive,2025-10-17 14:31:47.797390,2025-10-17 14:31:47.797390
274,Tracy,Smith,sanchezdeborah@example.org,(304)317-9291,Larsonbury,CA,USA,inactive,2025-10-17 14:31:47.797390,2025-10-17 14:31:47.797390
275,Linda,Simmons,rnguyen@example.net,+1-325-630-9251,Port Robert,UT,USA,inactive,2025-10-17 14:31:47.797390,2025-10-17 14:31:47.797390
276,Mitchell,Martin,sarawilliams@example.org,+1-896-920-7100x2194,East Douglas,KY,USA,inactive,2025-10-17 14:31:47.797390,2025-10-17 14:31:47.797390
277,Alexandra,Jenkins,cheryljohnson@example.org,001-379-714-5608x331,South Kaylee,TN,USA,inactive,2025-10-17 14:31:47.797390,2025-10-17 14:31:47.797390
278,Jared,Brown,hogangina@example.com,222.300.5436x4597,New Gregorytown,NM,USA,active,2025-10-17 14:31:47.797390,2025-10-17 14:31:47.797390
279,Zachary,Jones,jenniferwatkins@example.com,(935)931-5313x63631,South Dustinmouth,HI,USA,active,2025-10-17 14:31:47.797390,2025-10-17 14:31:47.797390
280,Paul,Taylor,crystalcantrell@example.org,620-490-4217x76253,New Tara,PR,USA,active,2025-10-17 14:31:47.797390,2025-10-17 14:31:47.797390
281,Jerry,Jenkins,natkins@example.net,274.806.3356x9392,North Vickiehaven,AZ,USA,inactive,2025-10-17 14:31:47.797390,2025-10-17 14:31:47.797390
282,Ronald,Foster,chavezjohn@example.net,001-206-932-5431x074,Ingramfurt,HI,USA,active,2025-10-17 14:31:47.797390,2025-10-17 14:31:47.797390
283,Kristy,Wood,apadilla@example.net,565-380-4649,Jillton,NY,USA,active,2025-10-17 14:31:47.797390,2025-10-17 14:31:47.797390
284,Sierra,Leonard,rodriguezmichael@example.net,7555281832,Lake Timothyshire,VI,USA,active,2025-10-17 14:31:47.797390,2025-10-17 14:31:47.797390
285,Susan,Clark,lukehurst@example.net,+1-664-901-5577x8817,Laurenland,ID,USA,active,2025-10-17 14:31:47.797390,2025-10-17 14:31:47.797390
286,Patricia,Ellis,myersharold@example.org,224-612-7238,Montesside,DC,USA,inactive,2025-10-17 14:31:47.797390,2025-10-17 14:31:47.797390
287,Thomas,Fisher,carterbryan@example.org,456.695.5798x87749,Port Jordan,NJ,USA,inactive,2025-10-17 14:31:47.797390,2025-10-17 14:31:47.797390
288,Nathan,Roberts,hernandezjustin@example.org,+1-428-942-2223x105,Mikeborough,OH,USA,inactive,2025-10-17 14:31:47.797390,2025-10-17 14:31:47.797390
289,Jasmine,Wade,earl78@example.org,+1-441-206-7275,Deborahport,NJ,USA,active,2025-10-17 14:31:47.797390,2025-10-17 14:31:47.797390
290,Paula,Montes,laurenchandler@example.com,317-702-8140x69375,New Danielleshire,NC,USA,active,2025-10-17 14:31:47.797390,2025-10-17 14:31:47.797390
291,Jeffrey,Walls,james18@example.com,+1-818-763-7599x8056,Watsonport,MI,USA,inactive,2025-10-17 14:31:47.797390,2025-10-17 14:31:47.797390
292,Michael,Madden,lewispamela@example.net,(774)326-6299x12347,Davischester,SC,USA,active,2025-10-17 14:31:47.797390,2025-10-17 14:31:47.797390
293,Robin,Perry,wpage@example.org,626.948.7049,Walkertown,FL,USA,inactive,2025-10-17 14:31:47.797390,2025-10-17 14:31:47.797390
294,Jose,Blanchard,qmartinez@example.com,(827)630-1471x95979,Mccannville,MN,USA,active,2025-10-17 14:31:47.797390,2025-10-17 14:31:47.797390
295,William,Johnston,francisco02@example.com,325.520.4565x044,Port Cody,WV,USA,inactive,2025-10-17 14:31:47.797390,2025-10-17 14:31:47.797390
296,Gary,Morris,margaret44@example.net,001-951-889-5202x845,Samanthaburgh,CT,USA,active,2025-10-17 14:31:47.797390,2025-10-17 14:31:47.797390
297,Jeffery,Gordon,laurahansen@example.net,488.916.7112x07545,Geraldport,AK,USA,active,2025-10-17 14:31:47.797390,2025-10-17 14:31:47.797390
298,Julie,Wilson,melissathomas@example.org,323-221-6110x7603,South Davidview,AZ,USA,inactive,2025-10-17 14:31:47.797390,2025-10-17 14:31:47.797390
299,Carl,Contreras,pattonsamantha@example.org,001-732-750-1249,Port Vincent,VA,USA,active,2025-10-17 14:31:47.797390,2025-10-17 14:31:47.797390
300,Chloe,Wagner,garciabelinda@example.org,933.342.8013x87592,Port Michael,MS,USA,active,2025-10-17 14:31:47.797390,2025-10-17 14:31:47.797390
301,Roger,Palmer,urodriguez@example.org,318.827.5480x157,Stephenport,TX,USA,inactive,2025-10-17 14:31:47.797390,2025-10-17 14:31:47.797390
302,Theresa,Wallace,broberts@example.org,375-320-7167,South Richard,OR,USA,active,2025-10-17 14:31:47.797390,2025-10-17 14:31:47.797390
303,Tiffany,Figueroa,calvinhester@example.com,696.813.6749,Thomasfurt,NM,USA,inactive,2025-10-17 14:31:47.797390,2025-10-17 14:31:47.797390
304,William,Hernandez,qrodriguez@example.com,432.601.0170x2695,Port Charleshaven,WI,USA,active,2025-10-17 14:31:47.797390,2025-10-17 14:31:47.797390
305,Travis,Owens,ebony78@example.com,+1-958-780-0616,Ramoston,AZ,USA,active,2025-10-17 14:31:47.797390,2025-10-17 14:31:47.797390
306,Gregory,Hopkins,nicole27@example.com,(946)971-9788,New Brian,KS,USA,inactive,2025-10-17 14:31:47.797390,2025-10-17 14:31:47.797390
307,Troy,Arellano,katie45@example.org,8903255905,Reedstad,MT,USA,inactive,2025-10-17 14:31:47.797390,2025-10-17 14:31:47.797390
308,Michael,Stanley,jimmycollins@example.org,001-814-615-2085x076,Lake Terrytown,MD,USA,inactive,2025-10-17 14:31:47.797390,2025-10-17 14:31:47.797390
309,Nicholas,Myers,stokescraig@example.net,857.585.2945,Reidland,MP,USA,inactive,2025-10-17 14:31:47.797390,2025-10-17 14:31:47.797390
310,Melissa,Lewis,brandon96@example.org,+1-519-719-5419x876,Lake Madisonhaven,AS,USA,inactive,2025-10-17 14:31:47.797390,2025-10-17 14:31:47.797390
311,Kevin,Alvarado,james64@example.net,878.220.8297x37489,West Steven,IA,USA,active,2025-10-17 14:31:47.797390,2025-10-17 14:31:47.797390
312,Edward,Jennings,megan65@example.org,+1-536-244-2493x6312,Port Margaret,NH,USA,active,2025-10-17 14:31:47.797390,2025-10-17 14:31:47.797390
313,Todd,Esparza,clucas@example.org,(942)204-4820,Port Peggymouth,PA,USA,inactive,2025-10-17 14:31:47.797390,2025-10-17 14:31:47.797390
314,Kenneth,Brown,qmosley@example.net,662-931-9818,East Carolmouth,MA,USA,inactive,2025-10-17 14:31:47.797390,2025-10-17 14:31:47.797390
315,Marisa,Mclaughlin,selenarobinson@example.org,(734)376-4907,Amyfort,TX,USA,active,2025-10-17 14:31:47.797390,2025-10-17 14:31:47.797390
316,John,Ramirez,michaelbaldwin@example.com,7903034864,Port Scott,AL,USA,active,2025-10-17 14:31:47.797390,2025-10-17 14:31:47.797390
317,Renee,Long,kevin34@example.org,(875)760-4177,Mcdowellville,GU,USA,inactive,2025-10-17 14:31:47.797390,2025-10-17 14:31:47.797390
318,Ethan,Green,bellcarrie@example.net,001-357-300-2720x634,East Zachary,WI,USA,inactive,2025-10-17 14:31:47.797390,2025-10-17 14:31:47.797390
319,Maria,Hines,usparks@example.com,824.529.5431x6526,North Sandrabury,PW,USA,active,2025-10-17 14:31:47.797390,2025-10-17 14:31:47.797390
320,Christopher,Ford,jacqueline20@example.com,+1-869-942-1529x108,Wilsonborough,ID,USA,active,2025-10-17 14:31:47.797390,2025-10-17 14:31:47.797390
321,Sophia,Li,keith76@example.org,(939)534-3626x20443,Brandimouth,CO,USA,active,2025-10-17 14:31:47.797390,2025-10-17 14:31:47.797390
322,Alex,Anderson,terri63@example.net,(269)241-1800x5375,Williamfurt,ME,USA,active,2025-10-17 14:31:47.797390,2025-10-17 14:31:47.797390
323,Tiffany,Lambert,tammyhansen@example.net,(742)887-5721,West Darryl,AZ,USA,inactive,2025-10-17 14:31:47.797390,2025-10-17 14:31:47.797390
324,Tiffany,Porter,julie64@example.com,+1-548-456-2572x870,East Isaacfort,KS,USA,active,2025-10-17 14:31:47.797390,2025-10-17 14:31:47.797390
325,Frank,Mcdonald,carneysara@example.org,658.477.7121x513,Lake William,KY,USA,active,2025-10-17 14:31:47.797390,2025-10-17 14:31:47.797390
326,Anna,Alvarado,brandybonilla@example.net,001-392-761-3715x041,North Christopher,MP,USA,active,2025-10-17 14:31:47.797390,2025-10-17 14:31:47.797390
327,Jasmine,Castillo,brooke05@example.org,+1-897-359-2304x5018,Scottbury,WI,USA,inactive,2025-10-17 14:31:47.797390,2025-10-17 14:31:47.797390
328,Michelle,Davis,frankchan@example.com,+1-521-947-6492x5158,Mcclurefort,KY,USA,active,2025-10-17 14:31:47.797390,2025-10-17 14:31:47.797390
329,Anna,Henderson,nshepherd@example.org,(961)808-5732x78814,Port Timberg,DC,USA,inactive,2025-10-17 14:31:47.797390,2025-10-17 14:31:47.797390
330,Gabrielle,Evans,alexandraphillips@example.org,+1-910-681-8661,Jonathanland,WI,USA,inactive,2025-10-17 14:31:47.797390,2025-10-17 14:31:47.797390
331,Wesley,Wilson,lwhite@example.com,6167459779,East Jacob,WA,USA,inactive,2025-10-17 14:31:47.797390,2025-10-17 14:31:47.797390
332,Tina,Green,hamiltonandrew@example.com,702-877-6974,Christopherberg,AL,USA,inactive,2025-10-17 14:31:47.797390,2025-10-17 14:31:47.797390
333,James,Cabrera,micheleclark@example.net,(936)883-1472,North Gabrielberg,WA,USA,inactive,2025-10-17 14:31:47.797390,2025-10-17 14:31:47.797390
334,Jacqueline,Maynard,csmith@example.net,834.896.0501,Mclaughlinside,LA,USA,inactive,2025-10-17 14:31:47.797390,2025-10-17 14:31:47.797390
335,Benjamin,Ross,dhall@example.net,3699581467,Shanechester,AK,USA,active,2025-10-17 14:31:47.797390,2025-10-17 14:31:47.797390
336,Evan,Barber,ocooper@example.net,795.997.2466,New Jared,UT,USA,active,2025-10-17 14:31:47.797390,2025-10-17 14:31:47.797390
337,Kara,Estrada,glenmoore@example.com,767-643-3800,Ericaburgh,GU,USA,active,2025-10-17 14:31:47.797390,2025-10-17 14:31:47.797390
338,Michele,Gordon,morgandaniel@example.org,683-474-5508,Lake Brentmouth,AS,USA,active,2025-10-17 14:31:47.797390,2025-10-17 14:31:47.797390
339,Stephen,Skinner,villegaskimberly@example.net,480-681-2135,Gillfort,VA,USA,inactive,2025-10-17 14:31:47.797390,2025-10-17 14:31:47.797390
340,Monica,Moore,matthew21@example.org,860.737.5482x145,East Karen,NC,USA,active,2025-10-17 14:31:47.797390,2025-10-17 14:31:47.797390
341,Robert,Perez,agutierrez@example.com,250.872.0811x55626,Lake Sandraberg,MH,USA,active,2025-10-17 14:31:47.797390,2025-10-17 14:31:47.797390
342,Autumn,Levine,robert84@example.net,001-955-704-8926x738,Roweport,CO,USA,active,2025-10-17 14:31:47.797390,2025-10-17 14:31:47.797390
343,Benjamin,Cook,abigailfernandez@example.org,688-548-5200,Jessicahaven,DE,USA,active,2025-10-17 14:31:47.797390,2025-10-17 14:31:47.797390
344,Jessica,Skinner,courtney51@example.org,001-717-649-0753x998,Elizabethshire,TX,USA,active,2025-10-17 14:31:47.797390,2025-10-17 14:31:47.797390
345,Donald,Gray,danielblack@example.org,001-957-312-6611x062,Ericafurt,OR,USA,active,2025-10-17 14:31:47.797390,2025-10-17 14:31:47.797390
346,Angelica,Maxwell,breanna67@example.net,962.928.2772x8813,Lake Ericside,MN,USA,active,2025-10-17 14:31:47.797390,2025-10-17 14:31:47.797390
347,Sandra,Wilson,xrodriguez@example.net,408-821-5454x4702,West Pamelaborough,HI,USA,inactive,2025-10-17 14:31:47.797390,2025-10-17 14:31:47.797390
348,Lori,Burns,kelleycarlos@example.org,(979)949-7567x92287,Port Jessica,CO,USA,inactive,2025-10-17 14:31:47.797390,2025-10-17 14:31:47.797390
349,Lauren,Beck,zhughes@example.com,+1-307-341-2094,New Amber,WV,USA,inactive,2025-10-17 14:31:47.797390,2025-10-17 14:31:47.797390
350,Brian,Hudson,karenshaw@example.org,382-704-3397,Chapmanfort,VI,USA,inactive,2025-10-17 14:31:47.797390,2025-10-17 14:31:47.797390
351,Sarah,Morgan,robertheath@example.com,(641)811-8242x2412,North Christina,MD,USA,active,2025-10-17 14:31:47.797390,2025-10-17 14:31:47.797390
352,Howard,Reeves,peter52@example.com,346-610-3399x37886,West Stevenchester,CA,USA,active,2025-10-17 14:31:47.797390,2025-10-17 14:31:47.797390
353,Timothy,Russell,robinsmith@example.net,001-313-582-4967,West Amber,GA,USA,inactive,2025-10-17 14:31:47.797390,2025-10-17 14:31:47.797390
354,Kimberly,Medina,jali@example.com,6076942007,Kiddborough,OR,USA,inactive,2025-10-17 14:31:47.797390,2025-10-17 14:31:47.797390
355,Mary,Campbell,jocelynhart@example.com,761-728-4639,Tiffanymouth,KY,USA,inactive,2025-10-17 14:31:47.797390,2025-10-17 14:31:47.797390
356,John,Bird,jason95@example.org,001-320-397-0026x876,Port Lisamouth,TX,USA,active,2025-10-17 14:31:47.797390,2025-10-17 14:31:47.797390
357,David,Stanton,wcarey@example.com,(201)675-3703,Jamesport,AS,USA,active,2025-10-17 14:31:47.797390,2025-10-17 14:31:47.797390
358,Jennifer,Young,ccoffey@example.com,593.403.6149x8728,New Davidland,DC,USA,inactive,2025-10-17 14:31:47.797390,2025-10-17 14:31:47.797390
359,Jordan,Hudson,nicoledaniel@example.com,208.794.8706,Richardchester,KY,USA,active,2025-10-17 14:31:47.797390,2025-10-17 14:31:47.797390
360,David,Holmes,wward@example.org,001-230-546-8750x635,Rosariobury,ID,USA,inactive,2025-10-17 14:31:47.797390,2025-10-17 14:31:47.797390
361,Frank,Collins,johnsonryan@example.org,001-754-531-7350,Port Carolmouth,WV,USA,active,2025-10-17 14:31:47.797390,2025-10-17 14:31:47.797390
362,Cody,Griffin,millerbruce@example.org,(251)620-7049x6110,Moraleschester,IN,USA,active,2025-10-17 14:31:47.797390,2025-10-17 14:31:47.797390
363,Michelle,Cobb,chavezsteven@example.com,+1-291-350-7859x311,New David,NY,USA,active,2025-10-17 14:31:47.797390,2025-10-17 14:31:47.797390
364,Jonathan,Fisher,ilopez@example.org,4244968549,Parkermouth,LA,USA,inactive,2025-10-17 14:31:47.797390,2025-10-17 14:31:47.797390
365,Miguel,Smith,brianhunter@example.net,9659333153,Melissashire,MA,USA,active,2025-10-17 14:31:47.797390,2025-10-17 14:31:47.797390
366,Christina,Barnes,danielwalter@example.org,830.433.7933x7563,West Alejandrostad,AK,USA,active,2025-10-17 14:31:47.797390,2025-10-17 14:31:47.797390
367,Angela,Thomas,llee@example.com,7035342342,East Andrew,MP,USA,active,2025-10-17 14:31:47.797390,2025-10-17 14:31:47.797390
368,Jose,Garcia,nicholascobb@example.org,434-573-5528x96112,New Nicholas,MN,USA,active,2025-10-17 14:31:47.797390,2025-10-17 14:31:47.797390
369,Louis,Jordan,samanthahines@example.net,984.525.3042,Port Thomasland,GA,USA,inactive,2025-10-17 14:31:47.797390,2025-10-17 14:31:47.797390
370,William,Potter,victor72@example.com,001-558-577-7496x903,Royfurt,IL,USA,inactive,2025-10-17 14:31:47.797390,2025-10-17 14:31:47.797390
371,Kevin,Oneal,selenabrooks@example.net,221-947-8539,Ronaldmouth,NE,USA,inactive,2025-10-17 14:31:47.797390,2025-10-17 14:31:47.797390
372,Robert,Ballard,joshua02@example.com,341.651.4888,North David,MN,USA,active,2025-10-17 14:31:47.797390,2025-10-17 14:31:47.797390
373,Benjamin,Gonzalez,emilywright@example.net,001-243-992-8404x456,Port Raymond,IN,USA,inactive,2025-10-17 14:31:47.797390,2025-10-17 14:31:47.797390
374,Jennifer,Clark,zacharyhartman@example.com,001-775-415-3663x778,West Sherry,AL,USA,inactive,2025-10-17 14:31:47.797390,2025-10-17 14:31:47.797390
375,Vincent,Hopkins,matthew66@example.net,001-868-845-9090x225,South Bryce,MS,USA,inactive,2025-10-17 14:31:47.797390,2025-10-17 14:31:47.797390
376,Jacob,Rodriguez,tfowler@example.org,(518)320-9702,Campbellbury,LA,USA,inactive,2025-10-17 14:31:47.797390,2025-10-17 14:31:47.797390
377,Donna,Jones,woodalex@example.com,(862)912-8671x63234,New Barbara,ME,USA,inactive,2025-10-17 14:31:47.797390,2025-10-17 14:31:47.797390
378,Briana,Shaw,ahill@example.org,216.393.8597x779,Debbiemouth,MI,USA,inactive,2025-10-17 14:31:47.797390,2025-10-17 14:31:47.797390
379,Isabella,Dawson,peter26@example.org,(296)576-2916,West Nicole,ND,USA,active,2025-10-17 14:31:47.797390,2025-10-17 14:31:47.797390
380,Kelly,Hendricks,reginajenkins@example.net,651-518-5672,South Anthonymouth,MS,USA,active,2025-10-17 14:31:47.797390,2025-10-17 14:31:47.797390
381,Matthew,Ross,randysmith@example.org,001-925-677-7118x372,East Mary,PA,USA,inactive,2025-10-17 14:31:47.797390,2025-10-17 14:31:47.797390
382,Craig,Phillips,qjackson@example.org,+1-842-675-2308x3708,Williamstown,AR,USA,inactive,2025-10-17 14:31:47.797390,2025-10-17 14:31:47.797390
383,Kelsey,Wang,nicholasallen@example.org,4604053131,South Williammouth,MD,USA,inactive,2025-10-17 14:31:47.797390,2025-10-17 14:31:47.797390
384,Anna,Lopez,sarahfoster@example.com,733-215-5206,Lewisbury,CA,USA,active,2025-10-17 14:31:47.797390,2025-10-17 14:31:47.797390
385,Diane,Ramirez,bradley36@example.com,001-497-718-9241x956,Jonestown,PA,USA,active,2025-10-17 14:31:47.797390,2025-10-17 14:31:47.797390
386,Rhonda,Cole,wesleybush@example.org,309.214.3639,West Victor,ID,USA,active,2025-10-17 14:31:47.797390,2025-10-17 14:31:47.797390
387,Edward,Harris,youngjessica@example.com,001-552-545-0864x035,Lake Vanessabury,PA,USA,active,2025-10-17 14:31:47.797390,2025-10-17 14:31:47.797390
388,Monique,Boyd,scottsmith@example.com,530-523-2129,South Jessicaport,GA,USA,inactive,2025-10-17 14:31:47.797390,2025-10-17 14:31:47.797390
389,Jennifer,Sanchez,catherineturner@example.net,834.471.5662x776,Smithfurt,NE,USA,active,2025-10-17 14:31:47.797390,2025-10-17 14:31:47.797390
390,Melissa,Blake,brooke28@example.net,(946)374-7468,Derrickfort,ID,USA,active,2025-10-17 14:31:47.797390,2025-10-17 14:31:47.797390
391,Eric,Lopez,hensleyjessica@example.com,866.465.6749x1601,Port Samuel,KS,USA,inactive,2025-10-17 14:31:47.797390,2025-10-17 14:31:47.797390
392,Kelsey,Walton,william75@example.net,4666337050,Blackburnberg,KS,USA,inactive,2025-10-17 14:31:47.797390,2025-10-17 14:31:47.797390
393,John,Lane,alexanderwise@example.net,001-866-691-8362x644,Goodwinland,CT,USA,inactive,2025-10-17 14:31:47.797390,2025-10-17 14:31:47.797390
394,Daisy,Frank,lisa43@example.net,(440)427-0116x8646,Jacobberg,ID,USA,active,2025-10-17 14:31:47.797390,2025-10-17 14:31:47.797390
395,Tom,Shaw,hayeslisa@example.org,402.334.6791,Christopherville,KY,USA,inactive,2025-10-17 14:31:47.797390,2025-10-17 14:31:47.797390
396,Caleb,Johnson,timothychambers@example.org,2048090138,Sarahfort,WV,USA,inactive,2025-10-17 14:31:47.797390,2025-10-17 14:31:47.797390
397,Matthew,Jordan,evelyn55@example.org,(266)390-5510x762,Stephaniebury,MN,USA,active,2025-10-17 14:31:47.797390,2025-10-17 14:31:47.797390
398,Shannon,Parks,qrobertson@example.org,9508505739,West Ronniefort,TN,USA,inactive,2025-10-17 14:31:47.797390,2025-10-17 14:31:47.797390
399,Mercedes,Stein,mcarter@example.net,(989)480-2714,Friedmanfort,TN,USA,inactive,2025-10-17 14:31:47.797390,2025-10-17 14:31:47.797390
400,Amber,Sanchez,karenkeller@example.org,960-325-6434,New Cynthia,NM,USA,inactive,2025-10-17 14:31:47.797390,2025-10-17 14:31:47.797390
401,Christopher,Holt,sarahmiranda@example.net,356-668-6334,North Christophershire,ID,USA,inactive,2025-10-17 14:31:47.797390,2025-10-17 14:31:47.797390
402,Julie,Wilson,david56@example.net,001-504-309-8366x552,Smithmouth,MD,USA,inactive,2025-10-17 14:31:47.797390,2025-10-17 14:31:47.797390
403,Duane,Hahn,vincentbryant@example.net,620-895-4814x9737,Port Masonborough,PR,USA,active,2025-10-17 14:31:47.797390,2025-10-17 14:31:47.797390
404,Jessica,Cochran,leblanckimberly@example.com,001-364-620-8656x756,Heatherborough,UT,USA,active,2025-10-17 14:31:47.797390,2025-10-17 14:31:47.797390
405,Melissa,Long,marcusmoody@example.org,001-547-229-2774x233,Jessicashire,CT,USA,inactive,2025-10-17 14:31:47.797390,2025-10-17 14:31:47.797390
406,Erika,Hinton,nicholasmcgrath@example.net,(701)857-2018,Lake Jennifer,IA,USA,inactive,2025-10-17 14:31:47.797390,2025-10-17 14:31:47.797390
407,Austin,Allen,mturner@example.org,+1-961-576-4750x1111,New Ashleyshire,NJ,USA,inactive,2025-10-17 14:31:47.797390,2025-10-17 14:31:47.797390
408,Joshua,Mcgee,patrickcooke@example.net,(949)321-5182x60688,Port Karenville,HI,USA,inactive,2025-10-17 14:31:47.797390,2025-10-17 14:31:47.797390
409,Michelle,Neal,peterslauren@example.org,3293321840,Michaelside,GA,USA,inactive,2025-10-17 14:31:47.797390,2025-10-17 14:31:47.797390
410,Rodney,Landry,wrightbrandon@example.net,387-229-7585x9883,North Jacob,ME,USA,active,2025-10-17 14:31:47.797390,2025-10-17 14:31:47.797390
411,Melissa,Lewis,carrierobinson@example.com,329-661-8446x267,Bentleyberg,ND,USA,inactive,2025-10-17 14:31:47.797390,2025-10-17 14:31:47.797390
412,James,Soto,wanda35@example.net,+1-389-326-2566x0931,Jonesland,MN,USA,active,2025-10-17 14:31:47.797390,2025-10-17 14:31:47.797390
413,Regina,Strickland,mistyperez@example.org,963-361-1284,Jackieport,OH,USA,inactive,2025-10-17 14:31:47.797390,2025-10-17 14:31:47.797390
414,Joseph,Garcia,jacksonstacey@example.com,(658)289-6792,Lake David,MS,USA,inactive,2025-10-17 14:31:47.797390,2025-10-17 14:31:47.797390
415,Ashley,Adams,jasmine39@example.com,001-672-375-7844x683,Richardmouth,PR,USA,inactive,2025-10-17 14:31:47.797390,2025-10-17 14:31:47.797390
416,Christopher,Miller,shirleymartin@example.org,948-370-6827,Smithborough,PW,USA,active,2025-10-17 14:31:47.797390,2025-10-17 14:31:47.797390
417,Marie,Smith,vpark@example.com,489.309.7283,Maryhaven,MI,USA,inactive,2025-10-17 14:31:47.797390,2025-10-17 14:31:47.797390
418,Stephanie,Henderson,hjackson@example.com,+1-638-214-4744x3096,Staffordfort,AR,USA,active,2025-10-17 14:31:47.797390,2025-10-17 14:31:47.797390
419,Michael,Gilbert,kenneth10@example.com,001-826-350-1673x188,Smithview,IN,USA,inactive,2025-10-17 14:31:47.797390,2025-10-17 14:31:47.797390
420,Thomas,Brooks,ross28@example.com,577-322-5605,West Billy,MO,USA,inactive,2025-10-17 14:31:47.797390,2025-10-17 14:31:47.797390
421,Robert,Rivera,martinjames@example.com,+1-341-267-8725x6862,East Maurice,AL,USA,active,2025-10-17 14:31:47.797390,2025-10-17 14:31:47.797390
422,Katrina,Young,russell90@example.com,344.671.6392x8234,Lake Lori,ID,USA,active,2025-10-17 14:31:47.797390,2025-10-17 14:31:47.797390
423,Thomas,Patton,hayneswayne@example.org,592.431.2604,Smithborough,CO,USA,inactive,2025-10-17 14:31:47.797390,2025-10-17 14:31:47.797390
424,Michelle,James,isabel33@example.com,(770)286-0414x54563,North Aaron,TN,USA,inactive,2025-10-17 14:31:47.797390,2025-10-17 14:31:47.797390
425,Julie,Lewis,mramirez@example.org,(724)775-5411x08255,Lake Joshua,OR,USA,inactive,2025-10-17 14:31:47.797390,2025-10-17 14:31:47.797390
426,Patrick,Eaton,crystalguzman@example.org,001-633-971-1895,New Jennifer,AZ,USA,active,2025-10-17 14:31:47.797390,2025-10-17 14:31:47.797390
427,David,Barnes,patricia85@example.com,416.617.6880x294,New Bruceborough,WA,USA,active,2025-10-17 14:31:47.797390,2025-10-17 14:31:47.797390
428,Lisa,Simpson,martinkaren@example.com,+1-566-294-3202,Gordonhaven,KS,USA,inactive,2025-10-17 14:31:47.797390,2025-10-17 14:31:47.797390
429,Kevin,Robinson,andrea23@example.org,+1-534-502-4240,North Deborahstad,MD,USA,active,2025-10-17 14:31:47.797390,2025-10-17 14:31:47.797390
430,Christopher,Thornton,jennifer69@example.com,500-953-4240x89164,West Joseph,OR,USA,inactive,2025-10-17 14:31:47.797390,2025-10-17 14:31:47.797390
431,Crystal,Garrison,omoore@example.net,001-965-427-1727x223,Andrewburgh,FM,USA,inactive,2025-10-17 14:31:47.797390,2025-10-17 14:31:47.797390
432,Gregory,Long,chadjones@example.org,261.282.0916x601,East Kayla,KY,USA,inactive,2025-10-17 14:31:47.797390,2025-10-17 14:31:47.797390
433,Douglas,Burton,sparksalbert@example.org,+1-651-732-7972,Mooreton,ND,USA,active,2025-10-17 14:31:47.797390,2025-10-17 14:31:47.797390
434,Heather,Burton,smithbradley@example.net,618-562-0303x6625,Mcdanielville,NM,USA,active,2025-10-17 14:31:47.797390,2025-10-17 14:31:47.797390
435,Gavin,Rodriguez,huberjuan@example.org,+1-451-851-0922x685,Lake Gloria,RI,USA,active,2025-10-17 14:31:47.797390,2025-10-17 14:31:47.797390
436,Lisa,Bailey,nelsonvictor@example.com,810-622-5267x711,North Marcus,DC,USA,active,2025-10-17 14:31:47.797390,2025-10-17 14:31:47.797390
437,Hunter,Cruz,troy76@example.net,+1-552-836-6878x8788,New Jenniferhaven,OK,USA,inactive,2025-10-17 14:31:47.797390,2025-10-17 14:31:47.797390
438,Kimberly,Shepherd,jacquelineyoung@example.org,705.487.2105,Stevenside,PW,USA,active,2025-10-17 14:31:47.797390,2025-10-17 14:31:47.797390
439,Robert,Clark,briantaylor@example.net,001-426-206-5019x179,West Donald,IA,USA,inactive,2025-10-17 14:31:47.797390,2025-10-17 14:31:47.797390
440,Chris,Carroll,lhernandez@example.com,001-228-447-6570x412,North Randy,NE,USA,active,2025-10-17 14:31:47.797390,2025-10-17 14:31:47.797390
441,Erin,Liu,samantha84@example.net,862.241.8623,South Isaiah,WA,USA,active,2025-10-17 14:31:47.797390,2025-10-17 14:31:47.797390
442,Theresa,Jacobs,velasqueztaylor@example.com,+1-766-220-5634x1115,West Francisco,CT,USA,active,2025-10-17 14:31:47.797390,2025-10-17 14:31:47.797390
443,Cameron,Harper,jacob30@example.org,219-790-9700x514,Susanhaven,ID,USA,inactive,2025-10-17 14:31:47.797390,2025-10-17 14:31:47.797390
444,Leonard,Myers,terri15@example.com,001-481-982-0967x904,Lake Christopherbury,FM,USA,active,2025-10-17 14:31:47.797390,2025-10-17 14:31:47.797390
445,Jason,Maldonado,kaylamartin@example.net,598.357.2545x96063,New Courtney,NM,USA,active,2025-10-17 14:31:47.797390,2025-10-17 14:31:47.797390
446,Connor,Smith,amy17@example.org,452.942.1495x511,Valerieview,WV,USA,inactive,2025-10-17 14:31:47.797390,2025-10-17 14:31:47.797390
447,Nancy,Santos,shelbybonilla@example.com,7547669275,Lake Robertmouth,KS,USA,inactive,2025-10-17 14:31:47.797390,2025-10-17 14:31:47.797390
448,Natalie,Esparza,oliverdawn@example.net,880.321.4629,South Morgan,TN,USA,inactive,2025-10-17 14:31:47.797390,2025-10-17 14:31:47.797390
449,Clayton,Owens,lrodriguez@example.net,966-536-5155,Wilsonmouth,AZ,USA,inactive,2025-10-17 14:31:47.797390,2025-10-17 14:31:47.797390
450,Amy,Fry,danielleflores@example.org,+1-660-456-7303x064,East Chadfurt,CO,USA,inactive,2025-10-17 14:31:47.797390,2025-10-17 14:31:47.797390
451,Kenneth,Joseph,qwarren@example.com,(801)965-4235,Nicholsburgh,UT,USA,inactive,2025-10-17 14:31:47.797390,2025-10-17 14:31:47.797390
452,Samuel,Gaines,jmorrow@example.net,919.492.5502,Linville,WY,USA,active,2025-10-17 14:31:47.797390,2025-10-17 14:31:47.797390
453,Tara,Russell,mcneilsherry@example.org,+1-779-510-3368x2963,Lake Barbara,AL,USA,inactive,2025-10-17 14:31:47.797390,2025-10-17 14:31:47.797390
454,Mitchell,Cox,peggy81@example.net,876.765.5868x5127,New Brooke,ND,USA,active,2025-10-17 14:31:47.797390,2025-10-17 14:31:47.797390
455,Ryan,Mitchell,swalters@example.net,311-910-9617,Lake Kellychester,IL,USA,inactive,2025-10-17 14:31:47.797390,2025-10-17 14:31:47.797390
456,Jeffrey,Gibson,ewilson@example.org,(876)560-5384x444,South Antoniotown,FL,USA,active,2025-10-17 14:31:47.797390,2025-10-17 14:31:47.797390
457,Krystal,Randall,matthew96@example.org,+1-863-496-0962,Stronghaven,GA,USA,active,2025-10-17 14:31:47.797390,2025-10-17 14:31:47.797390
458,Samuel,Garcia,williamwelch@example.com,001-348-825-3110x609,Lake Jessicamouth,SC,USA,active,2025-10-17 14:31:47.797390,2025-10-17 14:31:47.797390
459,Crystal,Howard,denisewalker@example.org,+1-336-340-4120,Hoville,CT,USA,inactive,2025-10-17 14:31:47.797390,2025-10-17 14:31:47.797390
460,Donald,Green,christophersnyder@example.com,561.870.6171,Prestonmouth,AS,USA,inactive,2025-10-17 14:31:47.797390,2025-10-17 14:31:47.797390
461,Evan,Evans,donnawelch@example.org,655-379-9802,New Anthony,AK,USA,inactive,2025-10-17 14:31:47.797390,2025-10-17 14:31:47.797390
462,April,Hodges,michellewilson@example.org,5523312447,Jeanport,NH,USA,inactive,2025-10-17 14:31:47.797390,2025-10-17 14:31:47.797390
463,Julie,Simpson,qnielsen@example.org,946.819.9423,Hendersonview,GU,USA,active,2025-10-17 14:31:47.797390,2025-10-17 14:31:47.797390
464,Lucas,Rodriguez,kpatterson@example.com,(717)820-8496x498,North Hectormouth,NE,USA,inactive,2025-10-17 14:31:47.797390,2025-10-17 14:31:47.797390
465,Krystal,Howard,lewisnathan@example.org,001-851-605-0537x953,New Jeff,OH,USA,inactive,2025-10-17 14:31:47.797390,2025-10-17 14:31:47.797390
466,Joshua,Franklin,berrydebbie@example.net,001-965-453-3077x046,Brittanybury,OK,USA,inactive,2025-10-17 14:31:47.797390,2025-10-17 14:31:47.797390
467,Andrew,Smith,buckjustin@example.com,8886050171,Loganstad,MO,USA,active,2025-10-17 14:31:47.797390,2025-10-17 14:31:47.797390
468,Christopher,Hampton,zsalazar@example.com,001-377-715-9103x002,Perezland,ID,USA,inactive,2025-10-17 14:31:47.797390,2025-10-17 14:31:47.797390
469,Jennifer,Burnett,villamiranda@example.com,6104414596,New Steven,DC,USA,inactive,2025-10-17 14:31:47.797390,2025-10-17 14:31:47.797390
470,Luis,Hernandez,qwalsh@example.org,783.597.7457x31441,Lake Christian,NM,USA,inactive,2025-10-17 14:31:47.797390,2025-10-17 14:31:47.797390
471,Brian,Smith,taylorcruz@example.com,453-398-8547,East Sabrina,MS,USA,inactive,2025-10-17 14:31:47.797390,2025-10-17 14:31:47.797390
472,Theresa,Parrish,kimberlylopez@example.com,(224)991-2711x30724,Bellville,OH,USA,inactive,2025-10-17 14:31:47.797390,2025-10-17 14:31:47.797390
473,Christopher,Reynolds,randyjordan@example.com,6745510663,Thompsonview,NC,USA,inactive,2025-10-17 14:31:47.797390,2025-10-17 14:31:47.797390
474,Catherine,Stone,maldonadodebbie@example.org,310.609.4318,New Holly,MO,USA,inactive,2025-10-17 14:31:47.797390,2025-10-17 14:31:47.797390
475,Philip,Garcia,tyler23@example.com,+1-749-340-1289x7432,East Martin,NH,USA,active,2025-10-17 14:31:47.797390,2025-10-17 14:31:47.797390
476,Donald,Smith,bpatterson@example.org,312-209-5790x737,New Erinport,MP,USA,active,2025-10-17 14:31:47.797390,2025-10-17 14:31:47.797390
477,Jeremy,Gordon,kimberlygarcia@example.net,977-358-4745x70545,Ginatown,FL,USA,inactive,2025-10-17 14:31:47.797390,2025-10-17 14:31:47.797390
478,Tiffany,Chase,michaeljohnson@example.net,001-665-731-3614x878,Peterchester,KY,USA,active,2025-10-17 14:31:47.797390,2025-10-17 14:31:47.797390
479,Kyle,Williams,mary16@example.com,001-654-410-7272,Tommyland,AS,USA,inactive,2025-10-17 14:31:47.797390,2025-10-17 14:31:47.797390
480,Kenneth,Chavez,justinwatkins@example.org,440.365.0042x5488,Douglasborough,NE,USA,active,2025-10-17 14:31:47.797390,2025-10-17 14:31:47.797390
481,Brenda,Miller,antoniofitzpatrick@example.org,+1-466-561-4494x2965,Derekside,ID,USA,inactive,2025-10-17 14:31:47.797390,2025-10-17 14:31:47.797390
482,Kevin,Miller,ygardner@example.com,828-975-8575,Alimouth,AK,USA,inactive,2025-10-17 14:31:47.797390,2025-10-17 14:31:47.797390
483,Rita,Johnson,idavis@example.net,839-285-2989x4062,Aguirrehaven,NH,USA,inactive,2025-10-17 14:31:47.797390,2025-10-17 14:31:47.797390
484,Mary,Miller,maria15@example.net,249-575-0198,New Joy,NM,USA,inactive,2025-10-17 14:31:47.797390,2025-10-17 14:31:47.797390
485,Derek,Jacobson,kevincollins@example.org,393.911.0291x8133,Port Williamfurt,AR,USA,active,2025-10-17 14:31:47.797390,2025-10-17 14:31:47.797390
486,Sara,Evans,pmcgrath@example.net,597-991-6202x232,Robertsville,OR,USA,inactive,2025-10-17 14:31:47.797390,2025-10-17 14:31:47.797390
487,Trevor,Contreras,zcruz@example.org,666.220.4719x609,Williamsstad,DC,USA,active,2025-10-17 14:31:47.797390,2025-10-17 14:31:47.797390
488,Taylor,Sharp,albert25@example.net,635.686.8122x59572,Jonesfort,MS,USA,active,2025-10-17 14:31:47.797390,2025-10-17 14:31:47.797390
489,Sydney,Obrien,barbarapennington@example.net,542.359.9599x61002,South Sarahfort,MD,USA,inactive,2025-10-17 14:31:47.797390,2025-10-17 14:31:47.797390
490,Kathleen,Zavala,danielgilmore@example.net,(461)709-4101x7590,Lake Shannonberg,SC,USA,active,2025-10-17 14:31:47.797390,2025-10-17 14:31:47.797390
491,Audrey,Gonzalez,travis43@example.org,001-726-883-1901x302,West Jacobhaven,NM,USA,inactive,2025-10-17 14:31:47.797390,2025-10-17 14:31:47.797390
492,James,Clark,wmason@example.net,+1-421-676-6191,North Victorton,PA,USA,active,2025-10-17 14:31:47.797390,2025-10-17 14:31:47.797390
493,Amber,Johnson,sandra46@example.net,(812)241-8938x984,New Thomasview,SD,USA,inactive,2025-10-17 14:31:47.797390,2025-10-17 14:31:47.797390
494,Anthony,Morgan,james02@example.org,+1-750-337-1990,Georgeland,FM,USA,active,2025-10-17 14:31:47.797390,2025-10-17 14:31:47.797390
495,Andrea,Potts,jennifer10@example.com,235.967.4300x03896,South Katieberg,NE,USA,active,2025-10-17 14:31:47.797390,2025-10-17 14:31:47.797390
496,Jacqueline,Dunn,kimpenny@example.com,(235)260-3319x036,Port Brian,AR,USA,inactive,2025-10-17 14:31:47.797390,2025-10-17 14:31:47.797390
497,David,White,edwardscarrie@example.org,529-967-1114x8375,Shellyside,LA,USA,active,2025-10-17 14:31:47.797390,2025-10-17 14:31:47.797390
498,Misty,Sanchez,luis88@example.org,5566974132,North Nathan,GU,USA,active,2025-10-17 14:31:47.797390,2025-10-17 14:31:47.797390
499,Kristin,Johnson,hollysantos@example.com,307-204-4964,Melissafurt,NM,USA,inactive,2025-10-17 14:31:47.797390,2025-10-17 14:31:47.797390
500,Andrew,Reyes,nwilliams@example.com,(768)604-0850,Port Anthony,VA,USA,inactive,2025-10-17 14:31:47.797390,2025-10-17 14:31:47.797390
